{"stats":{"minecraft:picked_up":{"minecraft:light_blue_banner":1},"minecraft:custom":{"minecraft:time_since_rest":55503,"minecraft:sprint_one_cm":59945,"minecraft:walk_one_cm":166346,"minecraft:fly_one_cm":263443,"minecraft:open_barrel":8,"minecraft:crouch_one_cm":3057,"minecraft:play_time":56393,"minecraft:sneak_time":2084,"minecraft:walk_under_water_one_cm":241,"minecraft:jump":173,"minecraft:time_since_death":56393,"minecraft:leave_game":2,"minecraft:walk_on_water_one_cm":1118,"minecraft:sleep_in_bed":1,"minecraft:total_world_time":56393,"minecraft:climb_one_cm":640},"minecraft:used":{"minecraft:birch_door":8,"minecraft:oak_log":219,"minecraft:oak_fence":129,"minecraft:glass":2,"minecraft:light_blue_banner":8,"minecraft:yellow_banner":6,"minecraft:jack_o_lantern":18,"minecraft:sea_lantern":37,"minecraft:iron_bars":91,"minecraft:lime_banner":4,"minecraft:stripped_birch_log":45,"minecraft:red_wool":16,"minecraft:birch_planks":4,"minecraft:lantern":17,"minecraft:grass_block":2,"minecraft:oak_stairs":39,"minecraft:oak_planks":272,"minecraft:oak_sign":14,"minecraft:barrel":35,"minecraft:diamond_block":26,"minecraft:dark_oak_trapdoor":4,"minecraft:glowstone":183,"minecraft:dirt":1,"minecraft:oak_slab":9,"minecraft:dark_prismarine_slab":118,"minecraft:waxed_oxidized_cut_copper_stairs":152,"minecraft:red_banner":5,"minecraft:smooth_stone_slab":87,"minecraft:sponge":1,"minecraft:painting":147,"minecraft:white_concrete":32,"minecraft:smooth_stone":107,"minecraft:dark_oak_door":1,"minecraft:stripped_spruce_wood":2,"minecraft:gray_stained_glass":11}},"DataVersion":2975}