{"stats":{"minecraft:killed_by":{"minecraft:iron_golem":5,"minecraft:zombie":1},"minecraft:killed":{"minecraft:spider":1,"minecraft:bee":93,"minecraft:axolotl":10,"minecraft:iron_golem":3,"minecraft:zombie":1,"minecraft:villager":2},"minecraft:picked_up":{"minecraft:wooden_axe":2,"minecraft:birch_door":1,"minecraft:ladder":2,"minecraft:wooden_pickaxe":4,"minecraft:oak_stairs":25,"minecraft:potion":27,"minecraft:cornflower":1,"minecraft:string":4,"minecraft:iron_axe":1,"minecraft:iron_shovel":1,"minecraft:oak_sign":6,"minecraft:smooth_quartz":2,"minecraft:poppy":6,"minecraft:iron_pickaxe":3,"minecraft:lectern":4,"minecraft:chest":4,"minecraft:dark_oak_door":11,"minecraft:stick":72,"minecraft:stone":1,"minecraft:oak_door":11,"minecraft:oak_fence":35,"minecraft:torch":35,"minecraft:note_block":1,"minecraft:stone_button":3,"minecraft:redstone":4,"minecraft:rotten_flesh":25,"minecraft:honey_bottle":419,"minecraft:command_block":4,"minecraft:light_gray_bed":1,"minecraft:tropical_fish":8,"minecraft:hay_block":36,"minecraft:glowstone":1,"minecraft:bookshelf":2,"minecraft:iron_bars":2,"minecraft:cobblestone":170,"minecraft:oxeye_daisy":2,"minecraft:stripped_oak_log":62,"minecraft:netherite_boots":1,"minecraft:cooked_beef":4,"minecraft:iron_door":1,"minecraft:potato":7,"minecraft:oak_log":116,"minecraft:yellow_bed":2,"minecraft:lapis_lazuli":27,"minecraft:blue_bed":1,"minecraft:dirt":254,"minecraft:lantern":5,"minecraft:glass":47,"minecraft:apple":70,"minecraft:wheat_seeds":253,"minecraft:bell":2,"minecraft:stone_pickaxe":4,"minecraft:iron_ingot":76,"minecraft:oak_planks":94,"minecraft:stone_hoe":4,"minecraft:book":60,"minecraft:oak_slab":2,"minecraft:dandelion":3,"minecraft:gravel":1,"minecraft:sand":6,"minecraft:white_bed":10,"minecraft:barrel":1,"minecraft:sea_lantern":1,"minecraft:stone_axe":8,"minecraft:grass":1,"minecraft:bread":302,"minecraft:oak_sapling":36,"minecraft:light_gray_carpet":35},"minecraft:dropped":{"minecraft:water_bucket":2,"minecraft:bookshelf":1,"minecraft:apple":4,"minecraft:emerald":8,"minecraft:grass":1,"minecraft:stone_button":1,"minecraft:wooden_axe":1,"minecraft:netherite_boots":1,"minecraft:potion":2,"minecraft:iron_pickaxe":1,"minecraft:smooth_stone_slab":1,"minecraft:oak_planks":2,"minecraft:honey_bottle":2,"minecraft:sea_lantern":1,"minecraft:hopper":1,"minecraft:barrel":1,"minecraft:iron_bars":1,"minecraft:glass":1},"minecraft:custom":{"minecraft:mob_kills":110,"minecraft:interact_with_anvil":10,"minecraft:inspect_hopper":8,"minecraft:interact_with_crafting_table":24,"minecraft:open_barrel":51,"minecraft:fill_cauldron":7,"minecraft:interact_with_campfire":12,"minecraft:bell_ring":39,"minecraft:leave_game":10,"minecraft:time_since_death":4292,"minecraft:climb_one_cm":30940,"minecraft:sprint_one_cm":420155,"minecraft:walk_one_cm":1199581,"minecraft:drop":32,"minecraft:play_time":546996,"minecraft:deaths":9,"minecraft:sneak_time":9986,"minecraft:walk_under_water_one_cm":116419,"minecraft:jump":1528,"minecraft:walk_on_water_one_cm":46976,"minecraft:total_world_time":546996,"minecraft:interact_with_furnace":7,"minecraft:tune_noteblock":123,"minecraft:sleep_in_bed":8,"minecraft:time_since_rest":4332,"minecraft:damage_taken":2635,"minecraft:trigger_trapped_chest":1,"minecraft:minecart_one_cm":653,"minecraft:damage_dealt":4408,"minecraft:swim_one_cm":13521,"minecraft:fly_one_cm":1789293,"minecraft:open_chest":9,"minecraft:crouch_one_cm":20860,"minecraft:aviate_one_cm":666325,"minecraft:fall_one_cm":18619},"minecraft:crafted":{"minecraft:oak_door":6,"minecraft:oak_planks":340,"minecraft:glass":8,"minecraft:iron_axe":1,"minecraft:stone_pickaxe":1,"minecraft:stone_hoe":1,"minecraft:oak_fence":12,"minecraft:wheat":324,"minecraft:oak_slab":6,"minecraft:wooden_pickaxe":1,"minecraft:stone_axe":2,"minecraft:bread":108,"minecraft:stick":92,"minecraft:iron_pickaxe":2,"minecraft:oak_stairs":20,"minecraft:iron_shovel":1},"minecraft:used":{"minecraft:oak_fence":220,"minecraft:netherite_sword":20,"minecraft:jack_o_lantern":55,"minecraft:iron_bars":128,"minecraft:enchanting_table":3,"minecraft:iron_shovel":12,"minecraft:brain_coral_fan":15,"minecraft:flint_and_steel":2,"minecraft:armor_stand":9,"minecraft:redstone":8,"minecraft:elytra":1,"minecraft:ladder":31,"minecraft:oak_sign":56,"minecraft:light_gray_carpet":98,"minecraft:chest":3,"minecraft:tinted_glass":42,"minecraft:stone":49,"minecraft:white_shulker_box":8,"minecraft:stripped_birch_wood":14,"minecraft:bell":5,"minecraft:quartz_stairs":26,"minecraft:grass":4,"minecraft:stone_hoe":41,"minecraft:cut_copper_stairs":5,"minecraft:oak_door":26,"minecraft:torch":16,"minecraft:dirt":86,"minecraft:anvil":3,"minecraft:hopper":6,"minecraft:spruce_stairs":13,"minecraft:oak_wood":10,"minecraft:axolotl_bucket":10,"minecraft:stripped_spruce_log":1,"minecraft:birch_door":23,"minecraft:glass":260,"minecraft:sea_lantern":151,"minecraft:bookshelf":106,"minecraft:quartz_pillar":49,"minecraft:iron_axe":95,"minecraft:quartz_slab":28,"minecraft:grass_block":312,"minecraft:lantern":70,"minecraft:oak_stairs":98,"minecraft:quartz_block":17,"minecraft:smooth_quartz":180,"minecraft:barrel":138,"minecraft:tripwire_hook":2,"minecraft:glowstone":212,"minecraft:oak_sapling":4,"minecraft:furnace":9,"minecraft:minecart":11,"minecraft:trapped_chest":4,"minecraft:cooked_beef":2,"minecraft:stripped_spruce_wood":102,"minecraft:water_bucket":131,"minecraft:end_rod":11,"minecraft:dirt_path":1,"minecraft:birch_planks":441,"minecraft:stone_pickaxe":67,"minecraft:netherite_chestplate":1,"minecraft:lime_wool":17,"minecraft:oak_planks":1807,"minecraft:wooden_pickaxe":28,"minecraft:red_mushroom_block":18,"minecraft:cauldron":3,"minecraft:blue_bed":3,"minecraft:spruce_fence_gate":4,"minecraft:oak_leaves":24,"minecraft:glow_item_frame":12,"minecraft:dark_oak_trapdoor":17,"minecraft:tnt":3,"minecraft:crafting_table":5,"minecraft:dark_prismarine_slab":261,"minecraft:oak_slab":13,"minecraft:light_blue_wool":24,"minecraft:white_bed":5,"minecraft:campfire":38,"minecraft:sponge":15,"minecraft:note_block":11,"minecraft:painting":2,"minecraft:dark_oak_door":57,"minecraft:oak_log":101,"minecraft:lever":6,"minecraft:black_wool":152,"minecraft:apple":3,"minecraft:firework_rocket":156,"minecraft:command_block":7,"minecraft:bread":3,"minecraft:iron_pickaxe":24,"minecraft:stone_button":7,"minecraft:spruce_trapdoor":2,"minecraft:iron_door":8,"minecraft:gravel":1,"minecraft:flowering_azalea_leaves":12,"minecraft:stone_axe":104,"minecraft:cobblestone":79,"minecraft:white_banner":2,"minecraft:chain":5,"minecraft:glass_pane":53,"minecraft:smooth_stone_slab":287,"minecraft:yellow_bed":2,"minecraft:stripped_oak_log":63,"minecraft:tropical_fish_bucket":91,"minecraft:smooth_stone":49,"minecraft:bone_meal":7,"minecraft:gray_stained_glass":98},"minecraft:mined":{"minecraft:white_bed":3,"minecraft:oak_door":4,"minecraft:grass_block":13,"minecraft:oak_wall_sign":1,"minecraft:hay_block":36,"minecraft:bookshelf":4,"minecraft:dirt_path":4,"minecraft:oak_stairs":12,"minecraft:stripped_oak_log":20,"minecraft:stone":67,"minecraft:oak_slab":2,"minecraft:glass_pane":1,"minecraft:oak_fence":12,"minecraft:chest":1,"minecraft:lectern":1,"minecraft:glass":3,"minecraft:tall_grass":4,"minecraft:cobblestone":10,"minecraft:oak_planks":41,"minecraft:wall_torch":2,"minecraft:yellow_bed":2,"minecraft:grass":13,"minecraft:oak_log":66,"minecraft:dirt":26,"minecraft:oak_leaves":1}},"DataVersion":2975}