{"stats":{"minecraft:killed_by":{"minecraft:iron_golem":5},"minecraft:killed":{"minecraft:pig":1,"minecraft:iron_golem":1,"minecraft:zombie":1},"minecraft:picked_up":{"minecraft:wooden_pickaxe":1,"minecraft:potato":5,"minecraft:orange_banner":2,"minecraft:dragon_head":1,"minecraft:oak_log":12,"minecraft:lapis_lazuli":162,"minecraft:dirt":44,"minecraft:string":2,"minecraft:apple":16,"minecraft:kelp":23,"minecraft:wheat_seeds":10,"minecraft:iron_ingot":18,"minecraft:stone_pickaxe":8,"minecraft:smooth_quartz":1,"minecraft:oak_planks":55,"minecraft:stick":16,"minecraft:stone":2,"minecraft:oak_door":9,"minecraft:oak_fence":3,"minecraft:torch":1,"minecraft:dandelion":2,"minecraft:porkchop":1,"minecraft:sand":11,"minecraft:red_banner":1,"minecraft:ink_sac":1,"minecraft:diorite":216,"minecraft:stone_sword":7,"minecraft:rotten_flesh":3,"minecraft:stone_shovel":7,"minecraft:stone_axe":7,"minecraft:emerald":8,"minecraft:light_gray_carpet":50,"minecraft:red_concrete":1,"minecraft:cobblestone":158},"minecraft:dropped":{"minecraft:oak_door":1,"minecraft:red_concrete":1,"minecraft:birch_planks":1,"minecraft:wheat_seeds":2,"minecraft:dragon_head":1,"minecraft:bookshelf":1,"minecraft:oak_fence":1,"minecraft:cobblestone":7,"minecraft:rotten_flesh":3,"minecraft:oak_planks":1,"minecraft:grass_block":2,"minecraft:stick":1,"minecraft:potato":5,"minecraft:stone":2,"minecraft:torch":1,"minecraft:smooth_quartz":1,"minecraft:wooden_pickaxe":1,"minecraft:stone_pickaxe":1,"minecraft:string":2,"minecraft:dandelion":2},"minecraft:custom":{"minecraft:interact_with_furnace":1,"minecraft:mob_kills":3,"minecraft:interact_with_crafting_table":9,"minecraft:open_barrel":4,"minecraft:interact_with_loom":4,"minecraft:bell_ring":7,"minecraft:leave_game":16,"minecraft:time_since_death":4914,"minecraft:sleep_in_bed":9,"minecraft:climb_one_cm":12586,"minecraft:time_since_rest":4944,"minecraft:sprint_one_cm":129809,"minecraft:damage_taken":2308,"minecraft:walk_one_cm":586049,"minecraft:drop":37,"minecraft:damage_dealt":1513,"minecraft:minecart_one_cm":26254,"minecraft:swim_one_cm":13595,"minecraft:talked_to_villager":2,"minecraft:fly_one_cm":1954916,"minecraft:open_chest":2,"minecraft:crouch_one_cm":6830,"minecraft:play_time":424772,"minecraft:deaths":13,"minecraft:sneak_time":10629,"minecraft:walk_under_water_one_cm":121890,"minecraft:jump":1346,"minecraft:walk_on_water_one_cm":46134,"minecraft:total_world_time":424772,"minecraft:fall_one_cm":19058},"minecraft:crafted":{"minecraft:oak_planks":48,"minecraft:stone_shovel":1,"minecraft:crafting_table":2,"minecraft:wooden_pickaxe":1,"minecraft:furnace":1,"minecraft:stone_axe":1,"minecraft:stick":12,"minecraft:stone_pickaxe":1,"minecraft:wooden_axe":1,"minecraft:stone_sword":1,"minecraft:chest":1},"minecraft:used":{"minecraft:oak_fence":330,"minecraft:iron_bars":319,"minecraft:stone_sword":40,"minecraft:birch_planks":566,"minecraft:stone_pickaxe":84,"minecraft:red_concrete":124,"minecraft:powered_rail":110,"minecraft:polished_andesite":7,"minecraft:stone_shovel":15,"minecraft:netherite_chestplate":1,"minecraft:oak_planks":94,"minecraft:light_gray_carpet":150,"minecraft:oak_sign":3,"minecraft:chest":1,"minecraft:wooden_pickaxe":24,"minecraft:stone":2376,"minecraft:spruce_fence_gate":2,"minecraft:glow_ink_sac":3,"minecraft:torch":9,"minecraft:rail":574,"minecraft:netherite_leggings":1,"minecraft:crafting_table":2,"minecraft:loom":2,"minecraft:spruce_stairs":4,"minecraft:jungle_slab":2,"minecraft:stone_stairs":20,"minecraft:sponge":5,"minecraft:painting":5,"minecraft:spruce_fence":5,"minecraft:stripped_spruce_log":39,"minecraft:dark_oak_door":2,"minecraft:birch_fence":58,"minecraft:redstone_torch":3,"minecraft:glass":63,"minecraft:wooden_axe":7,"minecraft:stone_brick_slab":2,"minecraft:sea_lantern":379,"minecraft:stone_button":3,"minecraft:red_wool":94,"minecraft:birch_fence_gate":53,"minecraft:bookshelf":13,"minecraft:lime_banner":5,"minecraft:birch_slab":2,"minecraft:heavy_weighted_pressure_plate":1,"minecraft:lantern":9,"minecraft:oak_stairs":12,"minecraft:grass_block":1893,"minecraft:polished_andesite_stairs":224,"minecraft:detector_rail":90,"minecraft:stone_slab":4,"minecraft:spruce_trapdoor":30,"minecraft:smooth_quartz":349,"minecraft:item_frame":5,"minecraft:gravel":420,"minecraft:stone_brick_stairs":18,"minecraft:stone_bricks":3,"minecraft:stone_axe":16,"minecraft:netherite_boots":1,"minecraft:glowstone":46,"minecraft:birch_trapdoor":4,"minecraft:cobblestone":40,"minecraft:lime_concrete":1,"minecraft:orange_banner":7,"minecraft:white_banner":1,"minecraft:furnace":1,"minecraft:porkchop":1,"minecraft:red_banner":6,"minecraft:minecart":4,"minecraft:smooth_stone_slab":129,"minecraft:stone_pressure_plate":4,"minecraft:white_concrete":116,"minecraft:dragon_head":7,"minecraft:light_gray_bed":10,"minecraft:stripped_spruce_wood":2},"minecraft:mined":{"minecraft:oak_fence":3,"minecraft:cobblestone":3,"minecraft:lapis_ore":4,"minecraft:oak_planks":1,"minecraft:diorite":27,"minecraft:birch_leaves":2,"minecraft:grass":1,"minecraft:oak_log":12,"minecraft:dirt_path":1,"minecraft:sand":14,"minecraft:dirt":3,"minecraft:stone":65,"minecraft:oak_leaves":1}},"DataVersion":2975}